{
  "args": {
    "tf": "5min",
    "years": 3,
    "train_pct": 0.85,
    "threshold": 0.5,
    "cooldown_bars": 5
  },
  "result": {
    "n_trades": 3424,
    "wins": 1707,
    "losses": 1716,
    "wr_pct": 49.853971962616825,
    "sum_r": 952.4785235973725,
    "avg_r": 0.2781771389011018,
    "profit_factor": 1.8013677577164842,
    "max_dd_R": -19.236366504502136,
    "per_direction": {
      "LONG": {
        "n": 3192,
        "wr": 51.91102756892231,
        "sum_r": 1039.1474972407943,
        "avg_r": 0.32554746154160225
      },
      "SHORT": {
        "n": 232,
        "wr": 21.551724137931032,
        "sum_r": -86.66897364342194,
        "avg_r": -0.373573162256129
      }
    },
    "outcome_counts": {
      "TIME": 1353,
      "SL": 1071,
      "TP": 1000
    }
  },
  "train_n": 196636,
  "test_n": 34701
}