{
  "args": {
    "tf": "5min",
    "years": 3,
    "train_pct": 0.85,
    "threshold": 0.3,
    "cooldown_bars": 5
  },
  "result": {
    "n_trades": 4267,
    "wins": 1936,
    "losses": 2330,
    "wr_pct": 45.37145535505039,
    "sum_r": 753.2057777474571,
    "avg_r": 0.17651881362724564,
    "profit_factor": 1.4335522798501408,
    "max_dd_R": -33.26962609482587,
    "per_direction": {
      "LONG": {
        "n": 3611,
        "wr": 49.2661312655774,
        "sum_r": 943.8817251542127,
        "avg_r": 0.26139067437114727
      },
      "SHORT": {
        "n": 656,
        "wr": 23.932926829268293,
        "sum_r": -190.6759474067556,
        "avg_r": -0.2906645539737128
      }
    },
    "outcome_counts": {
      "SL": 1603,
      "TIME": 1495,
      "TP": 1169
    }
  },
  "train_n": 196636,
  "test_n": 34701
}