{
  "args": {
    "tf": "5min",
    "years": 3,
    "train_pct": 0.85,
    "threshold": 1.0,
    "cooldown_bars": 5
  },
  "result": {
    "n_trades": 2701,
    "wins": 1382,
    "losses": 1319,
    "wr_pct": 51.16623472787857,
    "sum_r": 814.3654478143283,
    "avg_r": 0.30150516394458654,
    "profit_factor": 1.9268209845370918,
    "max_dd_R": -20.310272455039524,
    "per_direction": {
      "LONG": {
        "n": 2700,
        "wr": 51.18518518518519,
        "sum_r": 815.3654478143283,
        "avg_r": 0.30198720289419567
      },
      "SHORT": {
        "n": 1,
        "wr": 0.0,
        "sum_r": -1.0,
        "avg_r": -1.0
      }
    },
    "outcome_counts": {
      "TIME": 1130,
      "TP": 789,
      "SL": 782
    }
  },
  "train_n": 196635,
  "test_n": 34701
}