{
  "args": {
    "tf": "5min",
    "years": 3,
    "train_pct": 0.85,
    "threshold": 1.0,
    "cooldown_bars": 5
  },
  "result": {
    "n_trades": 3632,
    "wins": 1946,
    "losses": 1686,
    "wr_pct": 53.579295154185026,
    "sum_r": 1318.0006445031952,
    "avg_r": 0.36288564000638635,
    "profit_factor": 2.1143944173481977,
    "max_dd_R": -22.0,
    "per_direction": {
      "LONG": {
        "n": 2584,
        "wr": 51.31578947368421,
        "sum_r": 876.9950644766551,
        "avg_r": 0.33939437479746715
      },
      "SHORT": {
        "n": 1048,
        "wr": 59.16030534351145,
        "sum_r": 441.0055800265402,
        "avg_r": 0.42080685117036276
      }
    },
    "outcome_counts": {
      "TIME": 1390,
      "TP": 1171,
      "SL": 1071
    }
  },
  "train_n": 196633,
  "test_n": 34701
}