{
  "args": {
    "tf": "5min",
    "years": 3,
    "train_pct": 0.85,
    "threshold": 0.7,
    "cooldown_bars": 5
  },
  "result": {
    "n_trades": 2762,
    "wins": 1433,
    "losses": 1329,
    "wr_pct": 51.88269370021723,
    "sum_r": 837.7264992266262,
    "avg_r": 0.3033043081921166,
    "profit_factor": 1.9592514940529357,
    "max_dd_R": -15.738697182754407,
    "per_direction": {
      "LONG": {
        "n": 2713,
        "wr": 52.5617397714707,
        "sum_r": 865.7264992266262,
        "avg_r": 0.31910302219927245
      },
      "SHORT": {
        "n": 49,
        "wr": 14.285714285714285,
        "sum_r": -28.0,
        "avg_r": -0.5714285714285714
      }
    },
    "outcome_counts": {
      "TIME": 1197,
      "TP": 793,
      "SL": 772
    }
  },
  "train_n": 196636,
  "test_n": 34701
}